[
    {
        "alignment": [
            1,
            1,
            1,
            1,
            1,
            1,
            1,
            1,
            1,
            1,
            1,
            1,
            1,
            1,
            1,
            1,
            1,
            1,
            1,
            0,
            0,
            0,
            0,
            0,
            0,
            0,
            0,
            0,
            0,
            0,
            0,
            0,
            0
        ],
        "attentions": [
            [
                0.33904218673706055,
                0.6609584093093872
            ],
            [
                0.33670932054519653,
                0.6632909178733826
            ],
            [
                0.33639219403266907,
                0.6636072993278503
            ],
            [
                0.3370852470397949,
                0.6629152894020081
            ],
            [
                0.33980676531791687,
                0.6601935625076294
            ],
            [
                0.3385162055492401,
                0.6614842414855957
            ],
            [
                0.3418232500553131,
                0.6581768989562988
            ],
            [
                0.3451632261276245,
                0.6548372507095337
            ],
            [
                0.34504276514053345,
                0.6549571752548218
            ],
            [
                0.3518816828727722,
                0.6481186747550964
            ],
            [
                0.35286495089530945,
                0.6471341848373413
            ],
            [
                0.3578459322452545,
                0.6421544551849365
            ],
            [
                0.37543654441833496,
                0.6245641708374023
            ],
            [
                0.39322006702423096,
                0.6067805886268616
            ],
            [
                0.4088646471500397,
                0.5911359786987305
            ],
            [
                0.4139336347579956,
                0.5860660672187805
            ],
            [
                0.40505582094192505,
                0.5949445366859436
            ],
            [
                0.4068661630153656,
                0.5931339263916016
            ],
            [
                0.47172459959983826,
                0.528276264667511
            ],
            [
                0.5916481018066406,
                0.4083510637283325
            ],
            [
                0.7094781994819641,
                0.29052188992500305
            ],
            [
                0.7752659916877747,
                0.224734827876091
            ],
            [
                0.8116617798805237,
                0.18833862245082855
            ],
            [
                0.8358253836631775,
                0.16417445242404938
            ],
            [
                0.8491982221603394,
                0.15080170333385468
            ],
            [
                0.8338130712509155,
                0.16618700325489044
            ],
            [
                0.7817487716674805,
                0.21825122833251953
            ],
            [
                0.7136605978012085,
                0.2863394320011139
            ],
            [
                0.6506538391113281,
                0.3493461608886719
            ],
            [
                0.6030404567718506,
                0.3969595432281494
            ],
            [
                0.5670106410980225,
                0.4329894185066223
            ],
            [
                0.5443475842475891,
                0.4556524455547333
            ],
            [
                0.5329827070236206,
                0.46701720356941223
            ]
        ],
        "index": 4750,
        "src_sent": [
            "DH",
            "EH1",
            "R",
            "IH1",
            "Z",
            "AH0",
            "B",
            "L",
            "AE1",
            "K",
            "AH0",
            "N",
            "D",
            "T",
            "AE1",
            "N",
            "D",
            "AO1",
            "G",
            "B",
            "AW1",
            "N",
            "D",
            "IH0",
            "NG",
            "TH",
            "R",
            "UW1",
            "DH",
            "AH0",
            "EH1",
            "R",
            "</s>"
        ],
        "trg_sent": [
            "dog",
            "</s>"
        ]
    }
]