[
    {
        "alignment": [
            2,
            2,
            2,
            2,
            1,
            1,
            1,
            1,
            1,
            1,
            1,
            1,
            1,
            1,
            1,
            1,
            1,
            1,
            1,
            2,
            2,
            2,
            2,
            2,
            2,
            2,
            2,
            2,
            0,
            0,
            0,
            0,
            0,
            0
        ],
        "attentions": [
            [
                0.13336728513240814,
                0.4061613380908966,
                0.46047115325927734
            ],
            [
                0.133627250790596,
                0.4125102162361145,
                0.45386257767677307
            ],
            [
                0.1352919191122055,
                0.41764113306999207,
                0.44706645607948303
            ],
            [
                0.13722863793373108,
                0.42444953322410583,
                0.438321590423584
            ],
            [
                0.1392897367477417,
                0.43286892771720886,
                0.42784053087234497
            ],
            [
                0.14079461991786957,
                0.43843865394592285,
                0.4207674562931061
            ],
            [
                0.14439736306667328,
                0.4433378279209137,
                0.41226401925086975
            ],
            [
                0.1487220972776413,
                0.45876866579055786,
                0.39250892400741577
            ],
            [
                0.15336403250694275,
                0.4768693149089813,
                0.36976754665374756
            ],
            [
                0.16351038217544556,
                0.4981350004673004,
                0.33835482597351074
            ],
            [
                0.17305882275104523,
                0.520443320274353,
                0.30649837851524353
            ],
            [
                0.18829840421676636,
                0.5531178712844849,
                0.25858384370803833
            ],
            [
                0.2024555802345276,
                0.5898014307022095,
                0.20774348080158234
            ],
            [
                0.20422646403312683,
                0.6208513975143433,
                0.17492187023162842
            ],
            [
                0.20965616405010223,
                0.6197155714035034,
                0.17062881588935852
            ],
            [
                0.21091759204864502,
                0.6132227778434753,
                0.17585957050323486
            ],
            [
                0.2062436044216156,
                0.5939275026321411,
                0.19982916116714478
            ],
            [
                0.20122288167476654,
                0.5473123788833618,
                0.2514645755290985
            ],
            [
                0.19596710801124573,
                0.45913460850715637,
                0.3448980152606964
            ],
            [
                0.18783709406852722,
                0.3177531063556671,
                0.49441027641296387
            ],
            [
                0.1734146922826767,
                0.1869114637374878,
                0.6396741271018982
            ],
            [
                0.16484783589839935,
                0.11544706672430038,
                0.7197058796882629
            ],
            [
                0.16100026667118073,
                0.0689251571893692,
                0.7700740694999695
            ],
            [
                0.17025983333587646,
                0.0516384057700634,
                0.7781014442443848
            ],
            [
                0.18299445509910583,
                0.045338816940784454,
                0.7716671228408813
            ],
            [
                0.19987356662750244,
                0.0422070175409317,
                0.7579190135002136
            ],
            [
                0.2777649164199829,
                0.054303139448165894,
                0.6679320931434631
            ],
            [
                0.44434213638305664,
                0.0999390035867691,
                0.4557187855243683
            ],
            [
                0.5054922699928284,
                0.1549665629863739,
                0.3395412266254425
            ],
            [
                0.5086666941642761,
                0.2303246259689331,
                0.261008620262146
            ],
            [
                0.46608421206474304,
                0.28094518184661865,
                0.2529706656932831
            ],
            [
                0.4395967125892639,
                0.30698660016059875,
                0.25341662764549255
            ],
            [
                0.42056816816329956,
                0.32379013299942017,
                0.2556416392326355
            ],
            [
                0.4114345610141754,
                0.33315959572792053,
                0.2554057240486145
            ]
        ],
        "index": 3253,
        "src_sent": [
            "AH0",
            "M",
            "AE1",
            "N",
            "AA1",
            "N",
            "AH0",
            "M",
            "OW1",
            "T",
            "ER0",
            "AY2",
            "Z",
            "D",
            "B",
            "AY1",
            "K",
            "R",
            "AY1",
            "D",
            "Z",
            "AH0",
            "K",
            "R",
            "AO1",
            "S",
            "AH0",
            "D",
            "ER1",
            "T",
            "R",
            "OW1",
            "D",
            "</s>"
        ],
        "trg_sent": [
            "motorcycle",
            "man",
            "</s>"
        ]
    }
]