[
    {
        "alignment": [
            2,
            2,
            2,
            2,
            2,
            2,
            2,
            2,
            2,
            2,
            2,
            2,
            2,
            2,
            2,
            2,
            2,
            2,
            2,
            2,
            2,
            2,
            2,
            2,
            2,
            2,
            2,
            2,
            2,
            2,
            2,
            2,
            2
        ],
        "attentions": [
            [
                0.009045669808983803,
                0.010809391736984253,
                0.9801458716392517
            ],
            [
                0.008749021217226982,
                0.011048413813114166,
                0.9802019596099854
            ],
            [
                0.009301993995904922,
                0.011667180806398392,
                0.979030430316925
            ],
            [
                0.009460381232202053,
                0.012234704568982124,
                0.9783043265342712
            ],
            [
                0.009211086668074131,
                0.01266216579824686,
                0.9781270623207092
            ],
            [
                0.0093315988779068,
                0.013001760467886925,
                0.9776663184165955
            ],
            [
                0.009087068028748035,
                0.013090145774185658,
                0.9778229594230652
            ],
            [
                0.008780333213508129,
                0.013575817458331585,
                0.9776439070701599
            ],
            [
                0.008693561889231205,
                0.01456592045724392,
                0.9767400026321411
            ],
            [
                0.007640615571290255,
                0.015798253938555717,
                0.9765611886978149
            ],
            [
                0.007146547548472881,
                0.018096663057804108,
                0.9747560620307922
            ],
            [
                0.005571132525801659,
                0.01964857429265976,
                0.9747802019119263
            ],
            [
                0.006273237988352776,
                0.025278594344854355,
                0.9684478640556335
            ],
            [
                0.003532982897013426,
                0.0249557513743639,
                0.9715116024017334
            ],
            [
                0.002285638125613332,
                0.023010848090052605,
                0.9747040271759033
            ],
            [
                0.000867858121637255,
                0.01687280274927616,
                0.9822587370872498
            ],
            [
                0.00021838422981090844,
                0.011514442041516304,
                0.98826664686203
            ],
            [
                4.4564123527379707e-05,
                0.00941597018390894,
                0.9905387759208679
            ],
            [
                8.815222827252e-06,
                0.010643370449543,
                0.9893473982810974
            ],
            [
                2.46747231358313e-06,
                0.012888282537460327,
                0.9871099591255188
            ],
            [
                1.6581140016569407e-06,
                0.01750996895134449,
                0.9824873805046082
            ],
            [
                1.338245851911779e-06,
                0.021014489233493805,
                0.9789837598800659
            ],
            [
                1.3271035186335212e-06,
                0.02321181260049343,
                0.9767865538597107
            ],
            [
                2.9347543204494286e-06,
                0.03271110728383064,
                0.9672861695289612
            ],
            [
                1.9538410924724303e-05,
                0.07271432876586914,
                0.9272662401199341
            ],
            [
                0.00019271991914138198,
                0.22836501896381378,
                0.7714422345161438
            ],
            [
                0.0007309784414246678,
                0.4250069856643677,
                0.5742619633674622
            ],
            [
                0.0017506564036011696,
                0.4927230477333069,
                0.5055263042449951
            ],
            [
                0.0039583006873726845,
                0.48730388283729553,
                0.5087377429008484
            ],
            [
                0.007077272515743971,
                0.4808921813964844,
                0.5120304822921753
            ],
            [
                0.010986773297190666,
                0.46823766827583313,
                0.5207754969596863
            ],
            [
                0.01400509662926197,
                0.45063674449920654,
                0.5353580713272095
            ],
            [
                0.017261864617466927,
                0.44389355182647705,
                0.5388447046279907
            ]
        ],
        "index": 6356,
        "src_sent": [
            "AH0",
            "B",
            "L",
            "AE1",
            "K",
            "AH0",
            "N",
            "D",
            "W",
            "AY1",
            "T",
            "B",
            "ER1",
            "D",
            "W",
            "IH1",
            "DH",
            "AH0",
            "Y",
            "EH1",
            "L",
            "OW0",
            "B",
            "IY1",
            "K",
            "IH1",
            "Z",
            "F",
            "L",
            "AY1",
            "IH0",
            "NG",
            "</s>"
        ],
        "trg_sent": [
            "beak",
            "bird",
            "</s>"
        ]
    }
]