[
    {
        "alignment": [
            1,
            1,
            1,
            1,
            1,
            1,
            1,
            1,
            1,
            1,
            1,
            1,
            1,
            1,
            1,
            1,
            1,
            1,
            1,
            1,
            1,
            1,
            1,
            1,
            1,
            1,
            1,
            1,
            1,
            1,
            1,
            1,
            1,
            1,
            1,
            1,
            1,
            1,
            1
        ],
        "attentions": [
            [
                0.4556867182254791,
                0.5443131327629089
            ],
            [
                0.4538400173187256,
                0.546160101890564
            ],
            [
                0.44871610403060913,
                0.5512842535972595
            ],
            [
                0.45042333006858826,
                0.5495761036872864
            ],
            [
                0.43990033864974976,
                0.560100257396698
            ],
            [
                0.42924559116363525,
                0.5707541108131409
            ],
            [
                0.41614702343940735,
                0.5838524699211121
            ],
            [
                0.4093289375305176,
                0.5906705260276794
            ],
            [
                0.390104204416275,
                0.6098960041999817
            ],
            [
                0.37066856026649475,
                0.6293318271636963
            ],
            [
                0.351346492767334,
                0.6486541628837585
            ],
            [
                0.2990981340408325,
                0.7009009718894958
            ],
            [
                0.23574750125408173,
                0.7642532587051392
            ],
            [
                0.16913151741027832,
                0.8308685421943665
            ],
            [
                0.12113988399505615,
                0.8788602352142334
            ],
            [
                0.06438944488763809,
                0.9356114268302917
            ],
            [
                0.03713087737560272,
                0.9628689885139465
            ],
            [
                0.01414440292865038,
                0.985854983329773
            ],
            [
                0.006062663625925779,
                0.9939378499984741
            ],
            [
                0.0029507186263799667,
                0.997049868106842
            ],
            [
                0.0010698797414079309,
                0.9989305734634399
            ],
            [
                0.0005712395650334656,
                0.9994279742240906
            ],
            [
                0.00036706161336041987,
                0.9996339082717896
            ],
            [
                0.0001813065609894693,
                0.9998188614845276
            ],
            [
                8.591950609115884e-05,
                0.9999141693115234
            ],
            [
                3.0314975447254255e-05,
                0.999969482421875
            ],
            [
                1.8833537978935055e-05,
                0.9999809265136719
            ],
            [
                1.457495818613097e-05,
                0.9999856352806091
            ],
            [
                1.5130719475564547e-05,
                0.9999847412109375
            ],
            [
                2.8222490072948858e-05,
                0.999971866607666
            ],
            [
                8.658743900014088e-05,
                0.9999134540557861
            ],
            [
                0.0004941181978210807,
                0.999505877494812
            ],
            [
                0.0019722534343600273,
                0.9980278015136719
            ],
            [
                0.004265416879206896,
                0.9957346320152283
            ],
            [
                0.007248816080391407,
                0.9927511811256409
            ],
            [
                0.013949385844171047,
                0.9860506057739258
            ],
            [
                0.02337517775595188,
                0.9766248464584351
            ],
            [
                0.03069453313946724,
                0.9693053960800171
            ],
            [
                0.04208222031593323,
                0.9579178094863892
            ]
        ],
        "index": 1835,
        "src_sent": [
            "AH0",
            "<UNK>",
            "B",
            "IY1",
            "IH0",
            "NG",
            "P",
            "UH1",
            "L",
            "D",
            "D",
            "R",
            "EH1",
            "S",
            "T",
            "F",
            "AO1",
            "R",
            "DH",
            "AH0",
            "K",
            "OW1",
            "L",
            "D",
            "W",
            "IH1",
            "DH",
            "AH0",
            "L",
            "AY1",
            "F",
            "JH",
            "AE1",
            "K",
            "AH0",
            "T",
            "AA1",
            "N",
            "</s>"
        ],
        "trg_sent": [
            "jacket",
            "</s>"
        ]
    }
]