[
    {
        "alignment": [
            0,
            0,
            0,
            0,
            0,
            0,
            0,
            0,
            0,
            0,
            0,
            0,
            0,
            0,
            0,
            0,
            0,
            0,
            0,
            0,
            0,
            0,
            0,
            0,
            0,
            0,
            0,
            0,
            1,
            1,
            1,
            0,
            0,
            0,
            0,
            0,
            0,
            0
        ],
        "attentions": [
            [
                0.6412671208381653,
                0.3587329685688019
            ],
            [
                0.6407914757728577,
                0.3592081367969513
            ],
            [
                0.6371474266052246,
                0.3628522455692291
            ],
            [
                0.6425563097000122,
                0.3574427664279938
            ],
            [
                0.6458677649497986,
                0.3541325330734253
            ],
            [
                0.6486653089523315,
                0.35133445262908936
            ],
            [
                0.6552683115005493,
                0.344730943441391
            ],
            [
                0.6626877784729004,
                0.337312251329422
            ],
            [
                0.6724896430969238,
                0.32751092314720154
            ],
            [
                0.6872577667236328,
                0.3127414882183075
            ],
            [
                0.701990008354187,
                0.2980104684829712
            ],
            [
                0.731340765953064,
                0.2686596214771271
            ],
            [
                0.7577303051948547,
                0.24226924777030945
            ],
            [
                0.7829920649528503,
                0.21700850129127502
            ],
            [
                0.8030491471290588,
                0.19695110619068146
            ],
            [
                0.8205654621124268,
                0.17943380773067474
            ],
            [
                0.8314645886421204,
                0.16853481531143188
            ],
            [
                0.8384207487106323,
                0.16157954931259155
            ],
            [
                0.8426210284233093,
                0.15737871825695038
            ],
            [
                0.8439061045646667,
                0.15609383583068848
            ],
            [
                0.8213781714439392,
                0.17862246930599213
            ],
            [
                0.8033402562141418,
                0.19666020572185516
            ],
            [
                0.7510281801223755,
                0.24897143244743347
            ],
            [
                0.6936475038528442,
                0.3063528537750244
            ],
            [
                0.6358132362365723,
                0.36418625712394714
            ],
            [
                0.572202742099762,
                0.42779645323753357
            ],
            [
                0.5360379219055176,
                0.4639614224433899
            ],
            [
                0.5080000162124634,
                0.49200016260147095
            ],
            [
                0.49621567130088806,
                0.5037838816642761
            ],
            [
                0.48903948068618774,
                0.5109609961509705
            ],
            [
                0.49193093180656433,
                0.5080690979957581
            ],
            [
                0.5147988200187683,
                0.4852011501789093
            ],
            [
                0.5462174415588379,
                0.45378246903419495
            ],
            [
                0.5729958415031433,
                0.4270041286945343
            ],
            [
                0.5793700814247131,
                0.4206298291683197
            ],
            [
                0.5803643465042114,
                0.4196355938911438
            ],
            [
                0.5808497071266174,
                0.41915038228034973
            ],
            [
                0.5789995789527893,
                0.4210004210472107
            ]
        ],
        "index": 7984,
        "src_sent": [
            "T",
            "UW1",
            "G",
            "ER1",
            "L",
            "Z",
            "AA1",
            "R",
            "W",
            "AO1",
            "K",
            "IH0",
            "NG",
            "AH0",
            "W",
            "EY1",
            "F",
            "R",
            "AH1",
            "M",
            "DH",
            "AH0",
            "K",
            "AE1",
            "M",
            "ER0",
            "AH0",
            "AH1",
            "N",
            "D",
            "ER0",
            "AH0",
            "W",
            "AO1",
            "K",
            "W",
            "EY2",
            "</s>"
        ],
        "trg_sent": [
            "girl",
            "</s>"
        ]
    }
]