[
    {
        "alignment": [
            2,
            2,
            2,
            2,
            2,
            2,
            2,
            2,
            2,
            2,
            2,
            2,
            2,
            2,
            2,
            2,
            2,
            1,
            1,
            1,
            1,
            1,
            1,
            1,
            1,
            1,
            1,
            1,
            1,
            1,
            1,
            1
        ],
        "attentions": [
            [
                0.15968063473701477,
                0.2795616686344147,
                0.5607576370239258
            ],
            [
                0.1673939824104309,
                0.28467074036598206,
                0.547935962677002
            ],
            [
                0.16356715559959412,
                0.2841353416442871,
                0.5522966980934143
            ],
            [
                0.16250582039356232,
                0.2849065065383911,
                0.5525885820388794
            ],
            [
                0.1579446792602539,
                0.2831377387046814,
                0.5589178204536438
            ],
            [
                0.1587734818458557,
                0.2872582674026489,
                0.5539688467979431
            ],
            [
                0.155706986784935,
                0.28728237748146057,
                0.5570107102394104
            ],
            [
                0.1558695137500763,
                0.2955898344516754,
                0.5485413670539856
            ],
            [
                0.1572742909193039,
                0.3065457344055176,
                0.5361800193786621
            ],
            [
                0.16335919499397278,
                0.3224542737007141,
                0.5141857862472534
            ],
            [
                0.15977050364017487,
                0.33738625049591064,
                0.5028430819511414
            ],
            [
                0.12694163620471954,
                0.357826828956604,
                0.5152313113212585
            ],
            [
                0.09807699918746948,
                0.37113335728645325,
                0.5307901501655579
            ],
            [
                0.0645548477768898,
                0.38247716426849365,
                0.5529681444168091
            ],
            [
                0.03904620558023453,
                0.3884521722793579,
                0.5725007653236389
            ],
            [
                0.0174714382737875,
                0.4057649075984955,
                0.5767632126808167
            ],
            [
                0.006971470545977354,
                0.44172990322113037,
                0.5512979030609131
            ],
            [
                0.0017345388187095523,
                0.5338248610496521,
                0.4644404351711273
            ],
            [
                0.000338919140631333,
                0.6617947220802307,
                0.33786600828170776
            ],
            [
                0.0001234080409631133,
                0.7448539137840271,
                0.25502344965934753
            ],
            [
                6.34974567219615e-05,
                0.8023548722267151,
                0.1975817084312439
            ],
            [
                5.2884679462295026e-05,
                0.830322802066803,
                0.16962450742721558
            ],
            [
                5.7986042520496994e-05,
                0.8443682193756104,
                0.1555735319852829
            ],
            [
                0.00012150288239354268,
                0.8418591618537903,
                0.15801948308944702
            ],
            [
                0.0005500914994627237,
                0.8114669322967529,
                0.18798302114009857
            ],
            [
                0.002917773090302944,
                0.7537832856178284,
                0.24329885840415955
            ],
            [
                0.007688133046030998,
                0.6932055950164795,
                0.29910627007484436
            ],
            [
                0.015334874391555786,
                0.6288658976554871,
                0.35579922795295715
            ],
            [
                0.026944424957036972,
                0.5760349631309509,
                0.39702051877975464
            ],
            [
                0.0382077693939209,
                0.5422488451004028,
                0.41954347491264343
            ],
            [
                0.04814325273036957,
                0.5191662311553955,
                0.43269044160842896
            ],
            [
                0.06063402071595192,
                0.49797165393829346,
                0.4413943290710449
            ]
        ],
        "index": 886,
        "src_sent": [
            "AH0",
            "G",
            "R",
            "EY1",
            "HH",
            "AW2",
            "N",
            "D",
            "D",
            "AO1",
            "G",
            "R",
            "EY1",
            "S",
            "IH1",
            "Z",
            "HH",
            "AE1",
            "P",
            "AH0",
            "N",
            "IH0",
            "NG",
            "AE1",
            "T",
            "DH",
            "AH0",
            "T",
            "R",
            "AE1",
            "K",
            "</s>"
        ],
        "trg_sent": [
            "path",
            "dog",
            "</s>"
        ]
    }
]