[
    {
        "alignment": [
            2,
            2,
            2,
            2,
            2,
            2,
            2,
            2,
            2,
            2,
            2,
            2,
            2,
            2,
            2,
            2,
            2,
            2,
            1,
            1,
            1,
            1,
            1,
            1,
            1,
            1,
            1,
            1,
            1,
            1,
            1,
            1,
            1
        ],
        "attentions": [
            [
                0.18169233202934265,
                0.2744024395942688,
                0.5439053177833557
            ],
            [
                0.18168747425079346,
                0.27627095580101013,
                0.5420421957969666
            ],
            [
                0.18502585589885712,
                0.2767878472805023,
                0.5381861925125122
            ],
            [
                0.18556305766105652,
                0.27603235840797424,
                0.5384038090705872
            ],
            [
                0.18604928255081177,
                0.27967262268066406,
                0.534277081489563
            ],
            [
                0.19342374801635742,
                0.28617218136787415,
                0.5204046368598938
            ],
            [
                0.21069926023483276,
                0.2947762906551361,
                0.49452438950538635
            ],
            [
                0.23180899024009705,
                0.29978179931640625,
                0.4684090316295624
            ],
            [
                0.2266966849565506,
                0.3049699664115906,
                0.46833309531211853
            ],
            [
                0.23681512475013733,
                0.30848070979118347,
                0.45470476150512695
            ],
            [
                0.24280402064323425,
                0.31376978754997253,
                0.44342663884162903
            ],
            [
                0.23074719309806824,
                0.32181036472320557,
                0.4474426805973053
            ],
            [
                0.20384818315505981,
                0.3356858789920807,
                0.4604649841785431
            ],
            [
                0.16051028668880463,
                0.3544163405895233,
                0.4850732088088989
            ],
            [
                0.12420152872800827,
                0.3586324155330658,
                0.5171659588813782
            ],
            [
                0.06848092377185822,
                0.38123902678489685,
                0.5502809286117554
            ],
            [
                0.03322650119662285,
                0.4095858633518219,
                0.5571882128715515
            ],
            [
                0.01616303063929081,
                0.4586908221244812,
                0.5251458883285522
            ],
            [
                0.006204482167959213,
                0.5544265508651733,
                0.4393695592880249
            ],
            [
                0.002101712394505739,
                0.6666812300682068,
                0.3312179744243622
            ],
            [
                0.0009387793252244592,
                0.7593319416046143,
                0.2397293746471405
            ],
            [
                0.0006660475628450513,
                0.8087140917778015,
                0.19061996042728424
            ],
            [
                0.0006301290122792125,
                0.8319841623306274,
                0.16738615930080414
            ],
            [
                0.0006860551075078547,
                0.8454117178916931,
                0.15390218794345856
            ],
            [
                0.0012001664144918323,
                0.8421835899353027,
                0.15661603212356567
            ],
            [
                0.003867687191814184,
                0.8135986924171448,
                0.18253369629383087
            ],
            [
                0.017613574862480164,
                0.7487104535102844,
                0.23367585241794586
            ],
            [
                0.044144436717033386,
                0.6724596619606018,
                0.2833959758281708
            ],
            [
                0.07774771749973297,
                0.5916762351989746,
                0.3305761218070984
            ],
            [
                0.1078447625041008,
                0.5328434109687805,
                0.35931187868118286
            ],
            [
                0.1299179047346115,
                0.4939809739589691,
                0.37610119581222534
            ],
            [
                0.15568572282791138,
                0.457998663187027,
                0.3863154649734497
            ],
            [
                0.168942391872406,
                0.4412592649459839,
                0.38979849219322205
            ]
        ],
        "index": 3732,
        "src_sent": [
            "AH0",
            "B",
            "L",
            "AE1",
            "K",
            "D",
            "AO1",
            "G",
            "W",
            "IH1",
            "DH",
            "AH0",
            "R",
            "EH1",
            "D",
            "K",
            "AA1",
            "L",
            "ER0",
            "S",
            "IH1",
            "T",
            "IH0",
            "NG",
            "IH0",
            "N",
            "DH",
            "AH0",
            "S",
            "AE1",
            "N",
            "D",
            "</s>"
        ],
        "trg_sent": [
            "collar",
            "dog",
            "</s>"
        ]
    }
]