[
    {
        "alignment": [
            3,
            3,
            3,
            3,
            3,
            3,
            1,
            1,
            1,
            1,
            1,
            1,
            1,
            1,
            1,
            1,
            1,
            1,
            0,
            0,
            0,
            0
        ],
        "attentions": [
            [
                0.30270516872406006,
                0.24853776395320892,
                0.0007207789458334446,
                0.4480353593826294
            ],
            [
                0.3171803057193756,
                0.2577379047870636,
                0.0006822232389822602,
                0.42439934611320496
            ],
            [
                0.31920307874679565,
                0.27113935351371765,
                0.0006473936373367906,
                0.40901052951812744
            ],
            [
                0.32132336497306824,
                0.278240829706192,
                0.0006632317090407014,
                0.39977210760116577
            ],
            [
                0.3215882480144501,
                0.29158109426498413,
                0.0005508219473995268,
                0.38627922534942627
            ],
            [
                0.33081769943237305,
                0.3084354102611542,
                0.00037568275001831353,
                0.3603706359863281
            ],
            [
                0.32326775789260864,
                0.3442302942276001,
                0.00018654736049938947,
                0.3323158919811249
            ],
            [
                0.3093220591545105,
                0.3800795078277588,
                0.00013485632371157408,
                0.3104628324508667
            ],
            [
                0.27162280678749084,
                0.4269299805164337,
                0.00013484872761182487,
                0.30131232738494873
            ],
            [
                0.2195732444524765,
                0.4757409393787384,
                0.00016654834325890988,
                0.30451834201812744
            ],
            [
                0.17838142812252045,
                0.5140278935432434,
                0.00018071378872264177,
                0.30740997195243835
            ],
            [
                0.12867264449596405,
                0.5787556171417236,
                0.00013156200293451548,
                0.2924410402774811
            ],
            [
                0.0682309940457344,
                0.6688987612724304,
                3.0398992748814635e-05,
                0.26283887028694153
            ],
            [
                0.021222231909632683,
                0.7819913029670715,
                4.070180239068577e-06,
                0.19678214192390442
            ],
            [
                0.024226786568760872,
                0.7828214168548584,
                7.301694950001547e-06,
                0.19294455647468567
            ],
            [
                0.09215924143791199,
                0.6814706921577454,
                0.00013330871297512203,
                0.22623685002326965
            ],
            [
                0.2311626523733139,
                0.5274326801300049,
                0.0010973307071253657,
                0.24030715227127075
            ],
            [
                0.3556075394153595,
                0.4038776457309723,
                0.0037907857913523912,
                0.23672395944595337
            ],
            [
                0.4043050706386566,
                0.3515520393848419,
                0.005946906749159098,
                0.23819588124752045
            ],
            [
                0.43732205033302307,
                0.31829333305358887,
                0.00853450782597065,
                0.2358500063419342
            ],
            [
                0.4522908329963684,
                0.29981496930122375,
                0.0103408582508564,
                0.23755332827568054
            ],
            [
                0.46027469635009766,
                0.2918006479740143,
                0.011252377182245255,
                0.23667214810848236
            ]
        ],
        "index": 3109,
        "src_sent": [
            "AH0",
            "D",
            "AO1",
            "G",
            "W",
            "IH1",
            "DH",
            "AH0",
            "B",
            "R",
            "AE1",
            "N",
            "CH",
            "IH0",
            "N",
            "IH1",
            "T",
            "S",
            "M",
            "AW1",
            "TH",
            "</s>"
        ],
        "trg_sent": [
            "mouth",
            "dog",
            "branch",
            "</s>"
        ]
    }
]