[
    {
        "alignment": [
            2,
            2,
            2,
            2,
            2,
            2,
            2,
            2,
            2,
            2,
            2,
            2,
            2,
            2,
            2,
            2,
            2,
            2,
            2,
            2,
            2,
            2,
            2,
            2,
            2,
            2,
            2,
            2,
            2,
            2,
            2
        ],
        "attentions": [
            [
                0.3090171813964844,
                0.10907773673534393,
                0.5819058418273926
            ],
            [
                0.31125912070274353,
                0.10891122370958328,
                0.5798295736312866
            ],
            [
                0.31607210636138916,
                0.11438685655593872,
                0.5695405602455139
            ],
            [
                0.3229990303516388,
                0.11803702265024185,
                0.558964729309082
            ],
            [
                0.3261762261390686,
                0.12024372071027756,
                0.5535801649093628
            ],
            [
                0.3311813175678253,
                0.12412574142217636,
                0.5446922183036804
            ],
            [
                0.3342592120170593,
                0.12319174408912659,
                0.5425490140914917
            ],
            [
                0.34135934710502625,
                0.12477567046880722,
                0.5338645577430725
            ],
            [
                0.36162102222442627,
                0.12775827944278717,
                0.5106204748153687
            ],
            [
                0.37102437019348145,
                0.12671956419944763,
                0.502256453037262
            ],
            [
                0.39108312129974365,
                0.12834297120571136,
                0.4805745780467987
            ],
            [
                0.4124630093574524,
                0.12413521856069565,
                0.46340247988700867
            ],
            [
                0.4283900856971741,
                0.11754164099693298,
                0.4540686011314392
            ],
            [
                0.4254261553287506,
                0.10806139558553696,
                0.46651172637939453
            ],
            [
                0.3917415738105774,
                0.09485608339309692,
                0.5134027600288391
            ],
            [
                0.33724987506866455,
                0.08031559735536575,
                0.582434356212616
            ],
            [
                0.25797396898269653,
                0.059012070298194885,
                0.6830146312713623
            ],
            [
                0.15897953510284424,
                0.03346296399831772,
                0.8075572848320007
            ],
            [
                0.09977970272302628,
                0.01954887993633747,
                0.8806707859039307
            ],
            [
                0.06568208336830139,
                0.011882736347615719,
                0.9224352240562439
            ],
            [
                0.0494014136493206,
                0.008560461923480034,
                0.9420380592346191
            ],
            [
                0.032933082431554794,
                0.005088004749268293,
                0.9619786143302917
            ],
            [
                0.0177663192152977,
                0.0022422915790230036,
                0.979991614818573
            ],
            [
                0.014782734215259552,
                0.0018876298563554883,
                0.9833295941352844
            ],
            [
                0.03716013953089714,
                0.006756868679076433,
                0.9560829997062683
            ],
            [
                0.1083887591958046,
                0.028419949114322662,
                0.8631913065910339
            ],
            [
                0.20865121483802795,
                0.07165560871362686,
                0.7196932435035706
            ],
            [
                0.2641991078853607,
                0.1053827628493309,
                0.6304181218147278
            ],
            [
                0.2949986457824707,
                0.12967416644096375,
                0.5753272771835327
            ],
            [
                0.31609010696411133,
                0.15068013966083527,
                0.5332297086715698
            ],
            [
                0.327551931142807,
                0.16265523433685303,
                0.5097928643226624
            ]
        ],
        "index": 6105,
        "src_sent": [
            "AH0",
            "P",
            "ER1",
            "S",
            "AH0",
            "N",
            "<UNK>",
            "HH",
            "AO1",
            "R",
            "S",
            "JH",
            "AH1",
            "M",
            "P",
            "IH0",
            "NG",
            "OW1",
            "V",
            "ER0",
            "AH0",
            "W",
            "UH1",
            "D",
            "AH0",
            "N",
            "F",
            "EH1",
            "N",
            "S",
            "</s>"
        ],
        "trg_sent": [
            "fence",
            "horse",
            "</s>"
        ]
    }
]