[
    {
        "alignment": [
            2,
            2,
            2,
            1,
            1,
            1,
            1,
            1,
            1,
            1,
            1,
            1,
            1,
            1,
            1,
            1,
            1,
            2,
            2,
            2,
            2,
            2,
            2,
            2,
            2,
            2,
            2,
            1,
            1,
            1
        ],
        "attentions": [
            [
                0.0018641744973137975,
                0.4918622672557831,
                0.5062729120254517
            ],
            [
                0.0019741766154766083,
                0.48697543144226074,
                0.5110511183738708
            ],
            [
                0.001911194296553731,
                0.49626582860946655,
                0.5018236637115479
            ],
            [
                0.0020449406001716852,
                0.5032873749732971,
                0.49466776847839355
            ],
            [
                0.002088099019601941,
                0.5129231810569763,
                0.4849890172481537
            ],
            [
                0.0020562007557600737,
                0.5260390639305115,
                0.47190457582473755
            ],
            [
                0.0021442852448672056,
                0.5323028564453125,
                0.46555349230766296
            ],
            [
                0.001963893650099635,
                0.5501497983932495,
                0.44788581132888794
            ],
            [
                0.001912120496854186,
                0.5726220011711121,
                0.42546510696411133
            ],
            [
                0.0019487591926008463,
                0.61036616563797,
                0.3876853585243225
            ],
            [
                0.0017755604349076748,
                0.6621659398078918,
                0.33605873584747314
            ],
            [
                0.0016014957800507545,
                0.6996894478797913,
                0.2987087368965149
            ],
            [
                0.0013651031767949462,
                0.722196102142334,
                0.2764385938644409
            ],
            [
                0.0009999813046306372,
                0.7342759966850281,
                0.2647235691547394
            ],
            [
                0.0008111405186355114,
                0.7085964679718018,
                0.2905917167663574
            ],
            [
                0.0006242928211577237,
                0.6516774296760559,
                0.3476978540420532
            ],
            [
                0.0006016409606672823,
                0.508857786655426,
                0.4905411899089813
            ],
            [
                0.0006957135046832263,
                0.33489862084388733,
                0.6644051671028137
            ],
            [
                0.0005142467562109232,
                0.24420340359210968,
                0.7552816867828369
            ],
            [
                0.00035672809462994337,
                0.1762790083885193,
                0.8233639001846313
            ],
            [
                0.00024547067005187273,
                0.13636057078838348,
                0.8633933067321777
            ],
            [
                9.407209290657192e-05,
                0.08622778952121735,
                0.9136782884597778
            ],
            [
                7.667440513614565e-05,
                0.06032146140933037,
                0.9396020770072937
            ],
            [
                0.0003179796622134745,
                0.09225364029407501,
                0.9074282646179199
            ],
            [
                0.008266283199191093,
                0.2913917005062103,
                0.7003419995307922
            ],
            [
                0.024522487074136734,
                0.41199785470962524,
                0.5634797215461731
            ],
            [
                0.039810437709093094,
                0.4756309986114502,
                0.4845586121082306
            ],
            [
                0.04753173887729645,
                0.4996615946292877,
                0.45280665159225464
            ],
            [
                0.053123656660318375,
                0.516973614692688,
                0.42990270256996155
            ],
            [
                0.05476883426308632,
                0.5267871618270874,
                0.4184439778327942
            ]
        ],
        "index": 6201,
        "src_sent": [
            "DH",
            "AH0",
            "M",
            "AE1",
            "N",
            "IH1",
            "Z",
            "P",
            "IH1",
            "CH",
            "IH0",
            "NG",
            "AH0",
            "B",
            "EY1",
            "S",
            "B",
            "AO1",
            "L",
            "AA1",
            "N",
            "AH0",
            "D",
            "ER1",
            "T",
            "M",
            "AW1",
            "N",
            "D",
            "</s>"
        ],
        "trg_sent": [
            "mound",
            "man",
            "</s>"
        ]
    }
]