[
    {
        "alignment": [
            1,
            1,
            1,
            1,
            1,
            1,
            1,
            1,
            1,
            1,
            1,
            1,
            1,
            1,
            1,
            1,
            1,
            1,
            1,
            1,
            1,
            1,
            1,
            1,
            1,
            1,
            1,
            1,
            1,
            1,
            1,
            1,
            1,
            1,
            1,
            1,
            1,
            1,
            1,
            1,
            1,
            1
        ],
        "attentions": [
            [
                0.008090256713330746,
                0.9919094443321228
            ],
            [
                0.00812399759888649,
                0.991875410079956
            ],
            [
                0.008284039795398712,
                0.9917165040969849
            ],
            [
                0.008361617103219032,
                0.9916390180587769
            ],
            [
                0.008716058917343616,
                0.9912834763526917
            ],
            [
                0.008991329930722713,
                0.9910093545913696
            ],
            [
                0.00924339983612299,
                0.990756094455719
            ],
            [
                0.009639043360948563,
                0.9903611540794373
            ],
            [
                0.009951186366379261,
                0.9900496006011963
            ],
            [
                0.010377679020166397,
                0.989622950553894
            ],
            [
                0.011561337858438492,
                0.9884382486343384
            ],
            [
                0.013352935202419758,
                0.9866469502449036
            ],
            [
                0.01617160439491272,
                0.9838281273841858
            ],
            [
                0.020327307283878326,
                0.9796730279922485
            ],
            [
                0.021832946687936783,
                0.9781661629676819
            ],
            [
                0.028124568983912468,
                0.9718748331069946
            ],
            [
                0.025278786197304726,
                0.9747207760810852
            ],
            [
                0.020271243527531624,
                0.9797290563583374
            ],
            [
                0.015238509513437748,
                0.9847611784934998
            ],
            [
                0.0099191227927804,
                0.9900816679000854
            ],
            [
                0.00743978563696146,
                0.9925605058670044
            ],
            [
                0.004475838970392942,
                0.9955239295959473
            ],
            [
                0.0031561877112835646,
                0.9968445301055908
            ],
            [
                0.0022635427303612232,
                0.9977366328239441
            ],
            [
                0.0015069014625623822,
                0.998492419719696
            ],
            [
                0.0016029750695452094,
                0.9983972311019897
            ],
            [
                0.0018194216536357999,
                0.9981801509857178
            ],
            [
                0.0023348184768110514,
                0.9976643323898315
            ],
            [
                0.0032141865231096745,
                0.9967855215072632
            ],
            [
                0.004904420580714941,
                0.995094895362854
            ],
            [
                0.007572166621685028,
                0.9924280047416687
            ],
            [
                0.012291567400097847,
                0.9877089262008667
            ],
            [
                0.019522860646247864,
                0.9804767966270447
            ],
            [
                0.030015423893928528,
                0.9699850082397461
            ],
            [
                0.058714378625154495,
                0.9412856101989746
            ],
            [
                0.19540606439113617,
                0.8045939207077026
            ],
            [
                0.3932361900806427,
                0.6067637801170349
            ],
            [
                0.4642484486103058,
                0.5357515215873718
            ],
            [
                0.4716314971446991,
                0.5283684730529785
            ],
            [
                0.47155535221099854,
                0.5284445881843567
            ],
            [
                0.4646952450275421,
                0.5353049039840698
            ],
            [
                0.4560073912143707,
                0.5439925193786621
            ]
        ],
        "index": 5425,
        "src_sent": [
            "DH",
            "EH1",
            "R",
            "IH1",
            "Z",
            "AE1",
            "N",
            "AH0",
            "K",
            "W",
            "AA1",
            "T",
            "IH0",
            "K",
            "B",
            "ER1",
            "D",
            "IH0",
            "N",
            "F",
            "L",
            "AY1",
            "T",
            "AH0",
            "B",
            "AW1",
            "T",
            "T",
            "UW1",
            "L",
            "AE1",
            "N",
            "D",
            "AA1",
            "N",
            "DH",
            "AH0",
            "W",
            "AO1",
            "T",
            "ER0",
            "</s>"
        ],
        "trg_sent": [
            "bird",
            "</s>"
        ]
    }
]