[
    {
        "alignment": [
            2,
            2,
            2,
            2,
            2,
            2,
            2,
            2,
            2,
            2,
            2,
            2,
            2,
            2,
            2,
            2,
            2,
            2,
            2,
            2,
            2,
            2,
            2,
            2,
            2,
            2,
            2,
            2,
            2,
            2
        ],
        "attentions": [
            [
                0.06763457506895065,
                0.0969066321849823,
                0.835457980632782
            ],
            [
                0.06722328066825867,
                0.09597037732601166,
                0.836807131767273
            ],
            [
                0.06669226288795471,
                0.09464573115110397,
                0.8386622667312622
            ],
            [
                0.06758827716112137,
                0.09558546543121338,
                0.8368262648582458
            ],
            [
                0.06858039647340775,
                0.09660563617944717,
                0.8348143696784973
            ],
            [
                0.06885288655757904,
                0.09649146348237991,
                0.8346551656723022
            ],
            [
                0.0693950206041336,
                0.09630980342626572,
                0.8342954516410828
            ],
            [
                0.07453012466430664,
                0.10179018974304199,
                0.8236796855926514
            ],
            [
                0.07673201709985733,
                0.10238367319107056,
                0.8208848237991333
            ],
            [
                0.08113007247447968,
                0.10508327186107635,
                0.813787043094635
            ],
            [
                0.08228188008069992,
                0.10404697805643082,
                0.8136705756187439
            ],
            [
                0.0814615860581398,
                0.10051741451025009,
                0.8180214762687683
            ],
            [
                0.08155890554189682,
                0.10092410445213318,
                0.8175176382064819
            ],
            [
                0.07071392238140106,
                0.08919339627027512,
                0.8400919437408447
            ],
            [
                0.053660839796066284,
                0.0688760057091713,
                0.8774632811546326
            ],
            [
                0.03483256325125694,
                0.042403094470500946,
                0.9227643609046936
            ],
            [
                0.019522981718182564,
                0.02134029008448124,
                0.959136962890625
            ],
            [
                0.01406380720436573,
                0.013593151234090328,
                0.972343921661377
            ],
            [
                0.011508984491229057,
                0.010045142844319344,
                0.9784461259841919
            ],
            [
                0.010580099187791348,
                0.008536510169506073,
                0.9808826446533203
            ],
            [
                0.007236128207296133,
                0.0054885586723685265,
                0.9872756600379944
            ],
            [
                0.004894349258393049,
                0.003428452415391803,
                0.9916768074035645
            ],
            [
                0.008027439936995506,
                0.004621243569999933,
                0.9873512983322144
            ],
            [
                0.028628826141357422,
                0.014548448845744133,
                0.9568226337432861
            ],
            [
                0.08849624544382095,
                0.04199768602848053,
                0.8695061802864075
            ],
            [
                0.1635572910308838,
                0.0848117470741272,
                0.751630961894989
            ],
            [
                0.2046293169260025,
                0.11555126309394836,
                0.6798193454742432
            ],
            [
                0.2277669459581375,
                0.1372203826904297,
                0.6350125670433044
            ],
            [
                0.23579265177249908,
                0.1504208743572235,
                0.613786518573761
            ],
            [
                0.24964240193367004,
                0.1649540215730667,
                0.5854036211967468
            ]
        ],
        "index": 6080,
        "src_sent": [
            "DH",
            "AH0",
            "<UNK>",
            "IH1",
            "Z",
            "AH0",
            "B",
            "AW1",
            "T",
            "T",
            "UW1",
            "JH",
            "AH1",
            "M",
            "P",
            "F",
            "R",
            "AH1",
            "M",
            "AH0",
            "W",
            "UH1",
            "D",
            "AH0",
            "N",
            "B",
            "EH1",
            "N",
            "CH",
            "</s>"
        ],
        "trg_sent": [
            "skateboarder",
            "bench",
            "</s>"
        ]
    }
]