[
    {
        "alignment": [
            0,
            0,
            0,
            0,
            0,
            0,
            0,
            0,
            0,
            0,
            0,
            0,
            0,
            0,
            2,
            2,
            2,
            2,
            2,
            1,
            1,
            1,
            1,
            1,
            1,
            1,
            1,
            1,
            1,
            1,
            1,
            1,
            1
        ],
        "attentions": [
            [
                0.41542062163352966,
                0.19671009480953217,
                0.3878694772720337
            ],
            [
                0.4214984178543091,
                0.20080192387104034,
                0.37769901752471924
            ],
            [
                0.4352126121520996,
                0.20491904020309448,
                0.3598678410053253
            ],
            [
                0.45416393876075745,
                0.2072412669658661,
                0.3385949730873108
            ],
            [
                0.4491339325904846,
                0.21096989512443542,
                0.33989620208740234
            ],
            [
                0.44912195205688477,
                0.21185944974422455,
                0.33901891112327576
            ],
            [
                0.4494810104370117,
                0.21371950209140778,
                0.3367992639541626
            ],
            [
                0.4604271948337555,
                0.2148446887731552,
                0.3247273862361908
            ],
            [
                0.47880327701568604,
                0.20900656282901764,
                0.3121902048587799
            ],
            [
                0.4804801642894745,
                0.21397197246551514,
                0.3055487275123596
            ],
            [
                0.4835610091686249,
                0.21224692463874817,
                0.3041914999485016
            ],
            [
                0.4862709641456604,
                0.2121845930814743,
                0.30154404044151306
            ],
            [
                0.47433561086654663,
                0.21320730447769165,
                0.3124570846557617
            ],
            [
                0.4269079566001892,
                0.22913628816604614,
                0.34395530819892883
            ],
            [
                0.35105711221694946,
                0.2517780065536499,
                0.3971644937992096
            ],
            [
                0.2650732100009918,
                0.28050386905670166,
                0.4544238746166229
            ],
            [
                0.1773873120546341,
                0.32557952404022217,
                0.49703308939933777
            ],
            [
                0.1109972596168518,
                0.38424891233444214,
                0.5047534108161926
            ],
            [
                0.06507009267807007,
                0.4650387465953827,
                0.4698917865753174
            ],
            [
                0.0323142409324646,
                0.5796084403991699,
                0.3880781829357147
            ],
            [
                0.01588427647948265,
                0.6996941566467285,
                0.2844216227531433
            ],
            [
                0.009906928054988384,
                0.7744022011756897,
                0.21569111943244934
            ],
            [
                0.007483816239982843,
                0.8187456727027893,
                0.17377044260501862
            ],
            [
                0.006709217559546232,
                0.8435150980949402,
                0.1497756391763687
            ],
            [
                0.007939135655760765,
                0.8451041579246521,
                0.1469568908214569
            ],
            [
                0.016531722620129585,
                0.8113023042678833,
                0.17216600477695465
            ],
            [
                0.045102737843990326,
                0.7335925102233887,
                0.22130486369132996
            ],
            [
                0.10117980092763901,
                0.6223068833351135,
                0.27651333808898926
            ],
            [
                0.15477603673934937,
                0.5365537405014038,
                0.308670312166214
            ],
            [
                0.21387650072574615,
                0.45320138335227966,
                0.33292219042778015
            ],
            [
                0.25106728076934814,
                0.4090932607650757,
                0.33983945846557617
            ],
            [
                0.2690214514732361,
                0.38818228244781494,
                0.342796266078949
            ],
            [
                0.2819842994213104,
                0.3753654658794403,
                0.34265023469924927
            ]
        ],
        "index": 2312,
        "src_sent": [
            "AH0",
            "D",
            "AO1",
            "G",
            "F",
            "L",
            "AY1",
            "Z",
            "TH",
            "R",
            "UW1",
            "DH",
            "AH0",
            "EH1",
            "R",
            "P",
            "R",
            "IY0",
            "P",
            "EH1",
            "R",
            "IH0",
            "NG",
            "T",
            "UW1",
            "K",
            "AE1",
            "CH",
            "AH0",
            "B",
            "AO1",
            "L",
            "</s>"
        ],
        "trg_sent": [
            "ball",
            "dog",
            "</s>"
        ]
    }
]