[
    {
        "alignment": [
            0,
            0,
            0,
            0,
            0,
            0,
            0,
            0,
            0,
            0,
            0,
            0,
            0,
            0,
            0,
            0,
            0,
            0,
            0,
            0,
            0,
            1,
            1,
            1,
            1,
            1,
            1,
            1,
            1,
            1,
            1,
            1,
            1,
            1,
            1,
            1
        ],
        "attentions": [
            [
                0.7104911208152771,
                0.28950849175453186
            ],
            [
                0.7071220874786377,
                0.292878657579422
            ],
            [
                0.7034282088279724,
                0.2965713441371918
            ],
            [
                0.699508011341095,
                0.3004916310310364
            ],
            [
                0.6900292634963989,
                0.3099711239337921
            ],
            [
                0.6842299103736877,
                0.3157702088356018
            ],
            [
                0.6844622492790222,
                0.3155372142791748
            ],
            [
                0.682341456413269,
                0.31765857338905334
            ],
            [
                0.680402398109436,
                0.31959787011146545
            ],
            [
                0.6804192662239075,
                0.31958019733428955
            ],
            [
                0.679473876953125,
                0.32052698731422424
            ],
            [
                0.6836702823638916,
                0.316330224275589
            ],
            [
                0.6932904124259949,
                0.3067089021205902
            ],
            [
                0.7071220874786377,
                0.2928769886493683
            ],
            [
                0.7290552854537964,
                0.2709454894065857
            ],
            [
                0.7453129291534424,
                0.2546875476837158
            ],
            [
                0.7766957879066467,
                0.22330471873283386
            ],
            [
                0.7927658557891846,
                0.20723415911197662
            ],
            [
                0.7983803749084473,
                0.20162013173103333
            ],
            [
                0.751177191734314,
                0.24882331490516663
            ],
            [
                0.6378563046455383,
                0.3621428310871124
            ],
            [
                0.41992801427841187,
                0.5800729393959045
            ],
            [
                0.24911679327487946,
                0.7508835196495056
            ],
            [
                0.162674218416214,
                0.8373259902000427
            ],
            [
                0.08913318812847137,
                0.9108664393424988
            ],
            [
                0.052891165018081665,
                0.9471096396446228
            ],
            [
                0.02985359914600849,
                0.9701459407806396
            ],
            [
                0.02475992776453495,
                0.9752400517463684
            ],
            [
                0.0513022318482399,
                0.9486977458000183
            ],
            [
                0.10644837468862534,
                0.8935515880584717
            ],
            [
                0.16341957449913025,
                0.8365804553031921
            ],
            [
                0.2224341779947281,
                0.7775658369064331
            ],
            [
                0.2687855064868927,
                0.7312144637107849
            ],
            [
                0.3001936674118042,
                0.6998063325881958
            ],
            [
                0.3286743462085724,
                0.6713257431983948
            ],
            [
                0.3403269052505493,
                0.6596730351448059
            ]
        ],
        "index": 1172,
        "src_sent": [
            "Y",
            "AH1",
            "NG",
            "B",
            "OY1",
            "Z",
            "AA1",
            "R",
            "R",
            "AH1",
            "N",
            "IH0",
            "NG",
            "ER0",
            "AW1",
            "N",
            "D",
            "AH0",
            "F",
            "IY1",
            "L",
            "D",
            "D",
            "UH1",
            "R",
            "IH0",
            "NG",
            "AH0",
            "S",
            "AA1",
            "K",
            "ER0",
            "G",
            "EY1",
            "M",
            "</s>"
        ],
        "trg_sent": [
            "male_child",
            "</s>"
        ]
    }
]