[
    {
        "alignment": [
            1,
            1,
            1,
            1,
            1,
            1,
            1,
            1,
            1,
            1,
            1,
            1,
            1,
            1,
            1,
            1,
            1,
            1,
            1,
            1,
            1,
            1,
            1,
            1,
            1,
            1,
            1,
            1,
            1,
            1
        ],
        "attentions": [
            [
                0.1695200502872467,
                0.8304803967475891
            ],
            [
                0.1687249094247818,
                0.8312758803367615
            ],
            [
                0.17022086679935455,
                0.8297789692878723
            ],
            [
                0.17598842084407806,
                0.8240112662315369
            ],
            [
                0.17287671566009521,
                0.8271227478981018
            ],
            [
                0.17440550029277802,
                0.8255938291549683
            ],
            [
                0.1778419464826584,
                0.8221572041511536
            ],
            [
                0.1930367648601532,
                0.8069629669189453
            ],
            [
                0.19920240342617035,
                0.8007976412773132
            ],
            [
                0.1954001635313034,
                0.804600715637207
            ],
            [
                0.1910252422094345,
                0.8089755773544312
            ],
            [
                0.1740529090166092,
                0.8259466886520386
            ],
            [
                0.1702565848827362,
                0.8297441601753235
            ],
            [
                0.12193243950605392,
                0.878067672252655
            ],
            [
                0.06700387597084045,
                0.9329953789710999
            ],
            [
                0.023295551538467407,
                0.9767045378684998
            ],
            [
                0.009911860339343548,
                0.9900873303413391
            ],
            [
                0.004652081988751888,
                0.9953473210334778
            ],
            [
                0.002770635299384594,
                0.9972286820411682
            ],
            [
                0.0020558731630444527,
                0.9979441165924072
            ],
            [
                0.0018752252217382193,
                0.9981249570846558
            ],
            [
                0.002508628647774458,
                0.997491180896759
            ],
            [
                0.007258151192218065,
                0.9927417635917664
            ],
            [
                0.027607308700680733,
                0.9723926186561584
            ],
            [
                0.0653369128704071,
                0.9346630573272705
            ],
            [
                0.11342319846153259,
                0.886576771736145
            ],
            [
                0.16255198419094086,
                0.837448000907898
            ],
            [
                0.1879136711359024,
                0.812086284160614
            ],
            [
                0.22047856450080872,
                0.7795214056968689
            ],
            [
                0.24305573105812073,
                0.7569442987442017
            ]
        ],
        "index": 4140,
        "src_sent": [
            "AH0",
            "B",
            "R",
            "AW1",
            "N",
            "AH0",
            "N",
            "D",
            "W",
            "AY1",
            "T",
            "HH",
            "AO1",
            "R",
            "S",
            "R",
            "AH1",
            "N",
            "Z",
            "IH0",
            "N",
            "DH",
            "AH0",
            "G",
            "R",
            "AE1",
            "V",
            "AH0",
            "L",
            "</s>"
        ],
        "trg_sent": [
            "horse",
            "</s>"
        ]
    }
]