[
    {
        "alignment": [
            2,
            2,
            2,
            2,
            2,
            2,
            2,
            2,
            2,
            2,
            2,
            2,
            2,
            2,
            2,
            2,
            2,
            2,
            1,
            1,
            1,
            1,
            1,
            1,
            1,
            1,
            1,
            0,
            0,
            0,
            0,
            0,
            0,
            0
        ],
        "attentions": [
            [
                0.1277024894952774,
                0.2976106107234955,
                0.5746877789497375
            ],
            [
                0.1273718923330307,
                0.2945200204849243,
                0.5781079530715942
            ],
            [
                0.13093499839305878,
                0.2949410676956177,
                0.5741246342658997
            ],
            [
                0.1310061812400818,
                0.29645881056785583,
                0.5725346207618713
            ],
            [
                0.13054099678993225,
                0.29581037163734436,
                0.5736485123634338
            ],
            [
                0.13387037813663483,
                0.29776445031166077,
                0.5683652758598328
            ],
            [
                0.13599227368831635,
                0.29916030168533325,
                0.5648475289344788
            ],
            [
                0.1396390050649643,
                0.29944974184036255,
                0.5609106421470642
            ],
            [
                0.1511373221874237,
                0.30523884296417236,
                0.543623149394989
            ],
            [
                0.16101224720478058,
                0.3036107122898102,
                0.5353778004646301
            ],
            [
                0.18451978266239166,
                0.30596277117729187,
                0.5095182061195374
            ],
            [
                0.2124101221561432,
                0.3085513114929199,
                0.4790380299091339
            ],
            [
                0.23512062430381775,
                0.30828601121902466,
                0.4565941393375397
            ],
            [
                0.24571110308170319,
                0.3120145797729492,
                0.44227364659309387
            ],
            [
                0.25310832262039185,
                0.3097359240055084,
                0.43715521693229675
            ],
            [
                0.25140896439552307,
                0.31155848503112793,
                0.4370318353176117
            ],
            [
                0.234876349568367,
                0.32310009002685547,
                0.4420231878757477
            ],
            [
                0.19743292033672333,
                0.38149142265319824,
                0.42107492685317993
            ],
            [
                0.16678877174854279,
                0.491944819688797,
                0.3412669003009796
            ],
            [
                0.14806996285915375,
                0.5990414023399353,
                0.2528887987136841
            ],
            [
                0.128853902220726,
                0.6801753640174866,
                0.19097022712230682
            ],
            [
                0.12078135460615158,
                0.7204873561859131,
                0.1587306261062622
            ],
            [
                0.12153562903404236,
                0.7376540899276733,
                0.14081032574176788
            ],
            [
                0.13141411542892456,
                0.7381368279457092,
                0.13044877350330353
            ],
            [
                0.15636634826660156,
                0.7153578400611877,
                0.1282757967710495
            ],
            [
                0.22996680438518524,
                0.6356558799743652,
                0.13437709212303162
            ],
            [
                0.35123729705810547,
                0.5067653059959412,
                0.1419973075389862
            ],
            [
                0.4523792564868927,
                0.396035760641098,
                0.15158487856388092
            ],
            [
                0.48697003722190857,
                0.346140593290329,
                0.16688941419124603
            ],
            [
                0.48714062571525574,
                0.31763336062431335,
                0.19522608816623688
            ],
            [
                0.46515047550201416,
                0.31119289994239807,
                0.2236568033695221
            ],
            [
                0.45150628685951233,
                0.3056822717189789,
                0.2428113967180252
            ],
            [
                0.4441712200641632,
                0.3000205159187317,
                0.25580817461013794
            ],
            [
                0.4373186528682709,
                0.29914698004722595,
                0.2635343074798584
            ]
        ],
        "index": 1247,
        "src_sent": [
            "DH",
            "AH0",
            "L",
            "AA1",
            "R",
            "JH",
            "B",
            "R",
            "AW1",
            "N",
            "D",
            "AO1",
            "G",
            "IH1",
            "Z",
            "W",
            "AO1",
            "K",
            "IH0",
            "NG",
            "TH",
            "R",
            "UW1",
            "DH",
            "AH0",
            "G",
            "R",
            "IY1",
            "N",
            "G",
            "R",
            "AE1",
            "S",
            "</s>"
        ],
        "trg_sent": [
            "grass",
            "dog",
            "</s>"
        ]
    }
]