[
    {
        "alignment": [
            0,
            0,
            0,
            0,
            0,
            0,
            0,
            0,
            0,
            0,
            0,
            0,
            0,
            0,
            0,
            0,
            0,
            0,
            0,
            0,
            0,
            0,
            0,
            0,
            0,
            0,
            0,
            0,
            0,
            0,
            0,
            1,
            1,
            1,
            1,
            0,
            0,
            0,
            0,
            0,
            0,
            0,
            0
        ],
        "attentions": [
            [
                0.6431240439414978,
                0.3568766713142395
            ],
            [
                0.6419450640678406,
                0.35805487632751465
            ],
            [
                0.6411386728286743,
                0.35886096954345703
            ],
            [
                0.639552116394043,
                0.36044761538505554
            ],
            [
                0.6389510035514832,
                0.36104828119277954
            ],
            [
                0.6384478807449341,
                0.36155274510383606
            ],
            [
                0.6364587545394897,
                0.36354148387908936
            ],
            [
                0.64823979139328,
                0.3517608940601349
            ],
            [
                0.6591366529464722,
                0.3408642113208771
            ],
            [
                0.6740627288818359,
                0.32593804597854614
            ],
            [
                0.6885882616043091,
                0.3114123046398163
            ],
            [
                0.7102851867675781,
                0.2897140085697174
            ],
            [
                0.7371695637702942,
                0.26283136010169983
            ],
            [
                0.775416910648346,
                0.2245822697877884
            ],
            [
                0.7961236834526062,
                0.20387540757656097
            ],
            [
                0.8131803274154663,
                0.18681879341602325
            ],
            [
                0.8175114393234253,
                0.18248766660690308
            ],
            [
                0.8217291831970215,
                0.17827121913433075
            ],
            [
                0.8234409689903259,
                0.1765589714050293
            ],
            [
                0.8235492706298828,
                0.17645056545734406
            ],
            [
                0.82551509141922,
                0.17448535561561584
            ],
            [
                0.8281946182250977,
                0.17180445790290833
            ],
            [
                0.8334334492683411,
                0.16656655073165894
            ],
            [
                0.8144919872283936,
                0.18550749123096466
            ],
            [
                0.7891075611114502,
                0.21089304983615875
            ],
            [
                0.7609253525733948,
                0.23907527327537537
            ],
            [
                0.7214100360870361,
                0.27859076857566833
            ],
            [
                0.668430745601654,
                0.33156877756118774
            ],
            [
                0.6140689849853516,
                0.3859316408634186
            ],
            [
                0.5624050498008728,
                0.4375940263271332
            ],
            [
                0.5255717039108276,
                0.47442835569381714
            ],
            [
                0.4968615472316742,
                0.5031381249427795
            ],
            [
                0.4889853894710541,
                0.5110150575637817
            ],
            [
                0.48675069212913513,
                0.5132495164871216
            ],
            [
                0.490432471036911,
                0.5095677971839905
            ],
            [
                0.5098458528518677,
                0.4901541471481323
            ],
            [
                0.5352649688720703,
                0.4647349417209625
            ],
            [
                0.5627205967903137,
                0.4372793734073639
            ],
            [
                0.5754513144493103,
                0.4245486855506897
            ],
            [
                0.5805163979530334,
                0.41948357224464417
            ],
            [
                0.5821462273597717,
                0.4178537428379059
            ],
            [
                0.5817383527755737,
                0.4182615280151367
            ],
            [
                0.5802356004714966,
                0.41976433992385864
            ]
        ],
        "index": 4849,
        "src_sent": [
            "AH0",
            "L",
            "IH1",
            "T",
            "AH0",
            "L",
            "G",
            "ER1",
            "L",
            "R",
            "AH1",
            "N",
            "Z",
            "IH0",
            "N",
            "DH",
            "AH0",
            "P",
            "AA1",
            "R",
            "K",
            "L",
            "UH1",
            "K",
            "IH0",
            "NG",
            "AE1",
            "T",
            "S",
            "AH1",
            "M",
            "TH",
            "IH0",
            "NG",
            "AW1",
            "T",
            "AH1",
            "V",
            "F",
            "R",
            "EY1",
            "M",
            "</s>"
        ],
        "trg_sent": [
            "girl",
            "</s>"
        ]
    }
]