[
    {
        "alignment": [
            2,
            2,
            2,
            2,
            2,
            2,
            2,
            2,
            2,
            2,
            2,
            2,
            2,
            2,
            2,
            2,
            2,
            2,
            2,
            2,
            1,
            1,
            1,
            1,
            1,
            1,
            1,
            1,
            1,
            1,
            1,
            1,
            1,
            1
        ],
        "attentions": [
            [
                0.30181676149368286,
                0.23623903095722198,
                0.46194374561309814
            ],
            [
                0.3021272122859955,
                0.23418742418289185,
                0.46368539333343506
            ],
            [
                0.30122900009155273,
                0.23635441064834595,
                0.4624170958995819
            ],
            [
                0.296715646982193,
                0.23699407279491425,
                0.46629106998443604
            ],
            [
                0.295956552028656,
                0.2393115907907486,
                0.4647310674190521
            ],
            [
                0.28957366943359375,
                0.2443389743566513,
                0.4660874605178833
            ],
            [
                0.29093223810195923,
                0.246111661195755,
                0.46295633912086487
            ],
            [
                0.28378328680992126,
                0.25065484642982483,
                0.4655623733997345
            ],
            [
                0.27903908491134644,
                0.25024640560150146,
                0.47071436047554016
            ],
            [
                0.27965232729911804,
                0.25834670662879944,
                0.46200013160705566
            ],
            [
                0.28237029910087585,
                0.26776793599128723,
                0.44986099004745483
            ],
            [
                0.28861093521118164,
                0.2779220640659332,
                0.43346792459487915
            ],
            [
                0.2816747725009918,
                0.286273717880249,
                0.4320506453514099
            ],
            [
                0.24354566633701324,
                0.30181506276130676,
                0.45463886857032776
            ],
            [
                0.19841594994068146,
                0.30984580516815186,
                0.4917374849319458
            ],
            [
                0.16610842943191528,
                0.31947171688079834,
                0.5144192576408386
            ],
            [
                0.09884452819824219,
                0.34616798162460327,
                0.554987370967865
            ],
            [
                0.05340598523616791,
                0.36910727620124817,
                0.5774875283241272
            ],
            [
                0.0247344970703125,
                0.41009947657585144,
                0.5651654005050659
            ],
            [
                0.010835069231688976,
                0.4703742265701294,
                0.518791139125824
            ],
            [
                0.0033106605987995863,
                0.5793530941009521,
                0.4173361659049988
            ],
            [
                0.0009624735685065389,
                0.7084693908691406,
                0.2905689775943756
            ],
            [
                0.00047710147919133306,
                0.7819845676422119,
                0.21753773093223572
            ],
            [
                0.0003504152118694037,
                0.8214314579963684,
                0.17821836471557617
            ],
            [
                0.00031026877695694566,
                0.843970537185669,
                0.15571901202201843
            ],
            [
                0.000395631737774238,
                0.8502257466316223,
                0.1493787318468094
            ],
            [
                0.0006226461264304817,
                0.834114134311676,
                0.1652630716562271
            ],
            [
                0.007494672667235136,
                0.7468718886375427,
                0.24563339352607727
            ],
            [
                0.02288392372429371,
                0.6766605377197266,
                0.3004554808139801
            ],
            [
                0.04515916109085083,
                0.6059340238571167,
                0.3489067256450653
            ],
            [
                0.06508392840623856,
                0.5590264797210693,
                0.3758895993232727
            ],
            [
                0.08936425298452377,
                0.5115789175033569,
                0.3990567624568939
            ],
            [
                0.10509847849607468,
                0.4856785237789154,
                0.40922290086746216
            ],
            [
                0.12373097985982895,
                0.4625798165798187,
                0.4136892259120941
            ]
        ],
        "index": 1721,
        "src_sent": [
            "DH",
            "AH0",
            "L",
            "AY1",
            "T",
            "K",
            "AH1",
            "L",
            "ER0",
            "D",
            "D",
            "AO1",
            "G",
            "IH1",
            "Z",
            "CH",
            "EY1",
            "S",
            "IH0",
            "NG",
            "AE1",
            "F",
            "T",
            "ER0",
            "AH0",
            "T",
            "OY1",
            "AW1",
            "T",
            "D",
            "AO1",
            "R",
            "Z",
            "</s>"
        ],
        "trg_sent": [
            "plaything",
            "dog",
            "</s>"
        ]
    }
]